,path,height,width,ratio_(w/h),intensity,mean_red,mean_green,mean_blue,std_red,std_green,std_blue
0,cs3m8x.jpg,224,224,1.0,18919330,145.89606584821428,126.28113042091837,104.88215481505102,61.09866230828409,50.27334410358389,58.515674373875896
1,8s9e13.jpg,224,224,1.0,20357769,171.4219347895408,129.2587292729592,105.04655612244898,46.77383859182109,56.571050059994064,58.53968087701772
2,d0vqwf.jpg,224,224,1.0,12094714,91.90535315688776,79.60329639668367,69.53714923469387,75.25939246618607,57.656324251717855,40.09936407723503
3,6ygzqq.jpg,224,224,1.0,21728565,174.72674186862244,143.87549824617346,114.44473453443878,57.08791275148744,56.1261137944189,49.17683908598153
4,7m8c22.jpg,224,224,1.0,14493707,119.48850047831633,95.6109693877551,73.75789221938776,62.611016098046825,54.30792876260111,52.82433844089271
5,cp5t6t.jpg,224,224,1.0,19014558,136.58031728316325,126.08418367346938,116.29272959183673,82.16667409005782,84.44955729052553,86.17930989048263
6,6bnq6u.jpg,224,224,1.0,19209623,146.91774952168367,126.52299904336735,109.40409757653062,66.4306648624084,65.73801909396568,64.22182659308449
7,61gj0w.jpg,224,224,1.0,20648181,161.9866868622449,130.70679209183675,118.82160794005102,73.71489851103715,85.62631464119721,91.71910366686318
8,cbxtst.png,224,224,1.0,19484004,162.60235969387756,130.38137755102042,95.32948022959184,32.89125094253026,47.43300566368453,52.732252656242345
9,d5h6f3.jpg,224,224,1.0,21108049,160.2120137117347,134.53950095663265,125.92867107780613,67.20897357932606,71.57794728302116,70.33787321577023
10,azwgr1.jpg,224,224,1.0,14106836,109.86124840561224,94.47181919642857,76.81401466836735,81.1868831096901,71.11101398822932,65.91551620917669
11,b3qlm0.jpg,224,224,1.0,26005322,194.43592554209184,172.46041932397958,151.3857421875,66.40518171418896,76.23282669197809,83.03385570116122
12,9capsc.jpg,224,224,1.0,30123000,209.89706234056123,196.76076211734693,193.68895487882654,59.730517829531095,58.73632198510174,60.2896753692562
13,8e32jk.jpg,224,224,1.0,23361758,175.94630899234693,157.51106106505102,132.13889110331633,38.916008313466044,41.55340544705365,46.980299048034986
14,chsodl.png,224,224,1.0,24125952,165.17960778061226,158.6357421875,157.01118064413265,84.00563229135378,87.90658649961996,87.67017579726617
15,896am9.jpg,224,224,1.0,11257732,79.7813496492347,75.39869658801021,69.18482940051021,70.20489359298921,64.35706560457028,59.90844682013864
16,7v36c0.jpg,224,224,1.0,29998349,208.55580357142858,198.46137595663265,190.84532445790816,39.0814361627493,54.161280072944244,57.64732446453418
17,8xb5x6.jpg,224,224,1.0,11834347,87.87990274234694,78.46101721938776,69.51580436862245,63.6644684786908,60.13411711009544,53.50605599633706
18,9iqkja.jpg,224,224,1.0,20634680,164.9843152104592,141.39259805484693,104.86910076530613,45.76963956872948,48.90379391101528,57.70629866460791
19,axvxo2.jpg,224,224,1.0,9220602,58.27208227040816,61.00091677295919,64.4921875,60.96214728079276,56.10647504991624,53.39074831177565
20,b3fxwq.jpg,224,224,1.0,18113940,142.83252949617346,120.6547552614796,97.52076690051021,58.97431830664654,58.01758238826349,59.16981436187287
21,9ect1s.jpg,224,224,1.0,25757239,177.13737643494898,168.9629504145408,167.2375039859694,78.67481378828938,83.6056196423331,85.69077787118722
22,6hz9be.jpg,224,224,1.0,16060158,139.7227160395408,106.86457669005102,73.48919802295919,67.52396251669504,58.05237995578604,41.78925459698191
23,aw1l6k.jpg,224,224,1.0,23085496,169.47136080994898,148.94475446428572,141.67428651147958,63.049765235999494,70.17077991714774,75.69389753824805
24,bcpj1p.jpg,224,224,1.0,22927799,175.29408482142858,145.84078045280611,135.8126594387755,61.21848752111495,69.61694673039811,68.6766615151662
25,azffrf.jpg,224,224,1.0,19236420,165.71091757015307,113.62187101403062,104.04611766581633,58.02216219850235,72.68460711692437,69.88844679409468
26,6dugrz.jpg,224,224,1.0,17497420,156.1105110012755,114.7635722257653,77.84681919642857,58.855151810363154,61.94204846476169,62.754455973310876
27,7edi1n.jpg,224,224,1.0,20576550,161.11571269132654,135.24565529336735,113.72612404336735,57.00600314330137,61.72874225701066,50.381363776102475
28,7hhqft.jpg,224,224,1.0,19161187,143.30040258290816,127.53402024872449,111.04510124362245,59.690472170608366,58.33702789386878,58.19175022151666
29,91uibs.jpg,224,224,1.0,18841463,147.54233099489795,121.09004304846938,106.8750996492347,50.34818421945885,52.909344544653266,50.67143763528033
30,7gmt57.jpg,224,224,1.0,18776744,133.71143574617346,124.15567203443878,116.35052614795919,35.35231379308475,36.40169675853162,41.03727688857779
31,83g71e.jpg,224,224,1.0,18191226,140.56325733418367,125.97807716836735,96.00701530612245,52.8663129301983,52.302968213993786,47.103648876243106
32,d7nsys.jpg,224,224,1.0,12854735,112.31716358418367,87.94230309311224,55.93343431122449,67.23430866168663,61.13078777209638,54.65503367018146
33,g24iq3.jpg,224,224,1.0,18733761,164.39305644132654,120.50542091836735,88.46251195790816,59.325066970440055,66.31652935459722,66.73876929333922
34,bxz1ij.jpg,224,224,1.0,21568716,176.7464524872449,140.0841438137755,113.03061224489795,29.588245859788405,45.60120612982318,54.00798813691448
35,bsbkg7.jpg,224,224,1.0,16404147,147.24956154336735,99.03661112882654,80.6459661989796,69.31478889206016,58.81000479721941,59.60685613903379
36,6j6r2i.jpg,224,224,1.0,16911875,129.92739556760205,105.38773517219387,101.73594945790816,58.95074030076625,57.50861071497112,63.29744967666667
37,7tidr7.jpg,224,224,1.0,19877329,148.2000956632653,130.12240911989795,117.8296197385204,58.498086539795295,64.75775758035824,75.90845722271379
38,69st8h.jpg,224,224,1.0,21509750,149.67990672831633,143.56652582908163,135.43959263392858,79.9130878016876,85.97809777802921,88.46556746429204
39,50yjq4.jpg,224,224,1.0,19216267,142.69224330357142,127.42366868622449,112.86134805484694,61.769518421569714,69.80694006871794,71.90064349534705
40,clsm74.jpg,224,224,1.0,23423685,167.02774234693877,153.35297751913265,146.44973692602042,61.74424854033909,67.85352072909701,73.06046248813743
41,c3ao49.jpg,224,224,1.0,16677273,129.0203085140306,111.86170679209184,91.49348294005102,46.378853510690014,45.0742985575395,44.50541921545325
42,9gj5xp.jpg,224,224,1.0,18531574,145.56138392857142,117.56463249362245,106.20541693239795,58.3148583709331,56.36995436717689,55.41235074087777
43,dkxmcr.jpg,224,224,1.0,11920031,98.90943877551021,77.68166055484694,60.97329400510204,64.44397287213694,51.846166640335184,48.976908111682
44,7zz7pr.jpg,224,224,1.0,15306125,103.7168965242347,108.07188695790816,93.25994499362245,55.24208512224061,51.24730418956377,48.449001789747896
45,83nhkf.jpg,224,224,1.0,13076242,86.61545360331633,83.57477678571429,90.41727120535714,69.92399002434476,62.8795454950126,53.91371058857552
46,doeglt.jpg,224,224,1.0,14116089,99.20685188137755,94.94323979591837,87.18140146683673,50.69124147993899,54.52175326400246,57.71144969119524
47,davxg8.jpg,224,224,1.0,19553479,154.30269451530611,129.65174585459184,105.74340322066327,61.00322735333558,60.34072357750053,55.566355328352806
48,3n8acw.jpg,224,224,1.0,23667598,179.49659199617346,158.51883370535714,133.67617984693877,38.551850866362365,48.26342242402426,47.90696087952723
49,bt8wgl.jpg,224,224,1.0,21054748,171.92647879464286,140.5198301977041,107.17159598214286,44.784342266759836,53.66177877126243,61.40943829655173
50,di9wu8.jpg,224,224,1.0,19017158,145.02879862882654,128.6491549744898,105.33109454719387,38.870874722158796,42.419818037046504,58.48771758569689
51,7qcb1l.jpg,224,224,1.0,15960722,133.94897959183675,111.5981146364796,72.54765226403062,68.49152207315547,63.43978817717267,66.36118324660346
52,dcoj7q.jpg,224,224,1.0,14449004,119.51949139030613,104.13022161989795,64.31672512755102,66.71854895560391,68.85616471488211,64.90661103597785
53,ccpa3f.jpg,224,224,1.0,18494232,168.21105707908163,122.1088568239796,78.26729910714286,57.72419153574425,46.41447575864157,35.06891987373991
54,bobypg.jpg,224,224,1.0,19803764,146.8713528380102,130.93215880102042,116.88247369260205,59.33172371964421,63.25906610224216,62.5625229278596
55,6xg60c.jpg,224,224,1.0,19873317,143.32204639668367,126.62364477040816,126.12647480867346,90.4976206150159,91.05456086219671,87.3606887292289
56,6ezdh2.jpg,224,224,1.0,19047171,140.84373007015307,128.56232063137756,110.20115194515306,63.211171307631616,66.8357521088278,65.1392883659294
57,7rqswh.jpg,224,224,1.0,17427072,136.2761678890306,119.2708665497449,91.7718431122449,64.44714294929143,55.94558138606417,53.36005473428409
58,6poiuv.jpg,224,224,1.0,13382328,89.00470344387755,87.39291693239795,90.31012834821429,76.13812139903068,67.91120183412983,71.3956655639516
59,73lvjc.jpg,224,224,1.0,14553697,105.43853635204081,98.08613679846938,86.52828045280613,52.54402165515141,48.11858054951235,44.82762164413321
60,6cfzfn.jpg,224,224,1.0,18643455,146.3575813137755,119.28406010841837,105.9195631377551,41.62282484301988,45.57612533945949,47.45271196028402
61,79gj44.jpg,224,224,1.0,12974756,89.78103077168367,86.58490114795919,82.21896922831633,73.8213717669196,72.64542948298272,71.70380610296635
62,7m2nbp.jpg,224,224,1.0,17276003,128.9469666772959,114.62663424744898,100.73449457908163,72.37516575532533,72.06380527955358,69.2324317248407
63,8pegot.jpg,224,224,1.0,11509648,86.66037547831633,73.1225286989796,69.60261878188776,70.8785935321537,58.81027504885961,58.824467299949674
64,7tx0kg.jpg,224,224,1.0,18689779,150.14857700892858,130.67908960459184,91.6567681760204,74.85761321353196,66.27004815256375,49.08401502080863
65,777ijm.png,224,224,1.0,29470220,194.9766621492347,198.97110172193877,193.38920998086735,28.082780695215867,33.48650867295381,60.53900580335289
66,5nctzg.png,224,224,1.0,21393566,158.06413424744898,140.2722018494898,128.03415975765307,90.99760440261677,97.49340905525028,104.29709257221204
67,cznz29.jpg,224,224,1.0,16996167,134.89086415816325,111.77499202806122,92.06515066964286,83.86971915166856,75.1435381953066,79.4526860041026
68,961zb7.jpg,224,224,1.0,16940537,138.4450135522959,111.78091119260205,87.3963847257653,54.91597541077732,63.14679081809153,64.41786722013755
69,9iyhdb.jpg,224,224,1.0,14801154,118.00019929846938,95.44070870535714,81.54382573341837,48.494366305962934,48.5002251057424,49.5152167419165
70,bvnxh5.jpg,224,224,1.0,17129287,122.35132334183673,115.28667091836735,103.74607382015306,53.53663097384238,50.35569679675383,51.72301733553817
71,9h7gno.jpg,224,224,1.0,18270773,152.826171875,121.37856744260205,89.92897002551021,53.117003425603855,63.32287417767175,59.59259618537039
72,d8wctz.jpg,224,224,1.0,10196084,78.6165696747449,69.67500398596938,54.914819834183675,31.053355203892107,30.546746809324162,31.059780099210137
73,5965i8.jpg,224,224,1.0,17236966,146.4411471619898,111.18108258928571,85.90786431760205,61.52484413197124,52.9091561102125,45.315029630467656
74,72196i.jpg,224,224,1.0,17462321,109.52714445153062,120.35758131377551,118.13665896045919,63.37404383644659,68.381601419597,71.18497580139442
75,b9dt44.jpg,224,224,1.0,16045113,188.8801817602041,92.09442761479592,38.802036830357146,48.416819904986134,71.54440365308858,37.35442156884381
76,ayca98.jpg,224,224,1.0,21687158,151.31190210459184,141.38303172831633,139.52680564413265,84.64027280140364,89.14312358586812,91.03143444594578
77,cz4lyy.jpg,224,224,1.0,14273205,119.98973612882654,92.28922193877551,72.18383290816327,77.36515998171309,70.30407557400594,69.62654632788137
78,88byfv.jpg,224,224,1.0,24237569,175.71713568239795,164.67452566964286,142.6593789859694,32.21986939439479,28.4003014439004,32.103344217479496
79,bz8ohq.jpg,224,224,1.0,23496106,168.77487244897958,154.96071827168367,144.53820551658163,73.16531312899811,79.03884981128245,86.62612259355491
80,bllmn6.jpg,224,224,1.0,15724752,93.23852040816327,97.109375,123.04400510204081,67.90533347953178,67.49596279351196,63.028717558113
81,61kqj5.jpg,224,224,1.0,29894972,216.64106345663265,198.2220384247449,180.93911431760205,43.51466396065648,61.506439639649486,84.41255718760249
82,arjsrl.jpg,224,224,1.0,16710470,130.72761878188774,106.55939094387755,95.7500996492347,59.400412520546105,59.42367953025769,57.05205528032114
83,559jwe.jpg,224,224,1.0,15790100,114.52032844387755,108.48156489158163,91.6923828125,48.30990503123369,45.91796035298617,55.887196079253286
84,bahxef.jpg,224,224,1.0,18557227,147.2685546875,129.95254703443877,92.62159199617346,64.99087735015848,64.88678972024644,76.7674885148245
85,9fs1b0.jpg,224,224,1.0,16513525,159.2459343112245,98.2455755739796,71.62051578443878,55.29739776580047,49.80513726893302,46.04532094422207
86,7ra2l3.jpg,224,224,1.0,15488205,123.27576929209184,100.75504225127551,84.64674346301021,66.52138940470184,56.836207444974065,52.45299415800042
87,5t7rxo.jpg,224,224,1.0,15868644,125.70894451530613,100.82029257015306,89.73040896045919,68.12183417823444,72.73565876408576,76.57765836015896
88,d9hw7c.jpg,224,224,1.0,8475151,63.252570950255105,49.091816804846935,56.56407445790816,55.39576708565556,45.104585894184055,42.35619804429353
89,5frcxw.jpg,224,224,1.0,14137506,114.32481664540816,92.78260522959184,74.6509088010204,47.57344913275326,41.065550010648394,34.27035594631074
90,b8jflh.jpg,224,224,1.0,16029225,99.19108737244898,111.3764349489796,108.8924784757653,72.82875188884896,47.85508139064447,51.261221107273826
91,7jmdyr.jpg,224,224,1.0,19877987,174.82517538265307,123.9014668367347,97.43859614158163,48.73455824709396,60.39101715657332,66.82658801261671
92,b90oo6.jpg,224,224,1.0,22528745,172.62513950892858,144.99856505102042,131.3707350127551,47.1725378886472,63.13168342964021,63.22028377568285
93,8nrjhd.jpg,224,224,1.0,15133870,116.48608896683673,102.56020806760205,82.56941565688776,72.35276413985187,71.3801479432255,70.387307459261
94,cig265.jpg,224,224,1.0,11171073,87.0331034757653,74.16368383290816,61.440987723214285,46.03133204976762,46.01874857617692,46.201179776798185
95,at2d2d.jpg,224,224,1.0,23483144,166.60586734693877,157.73441485969389,143.67518335459184,51.26716666525383,56.92870425289294,63.3458049945663
96,bawyu8.jpg,224,224,1.0,26897820,197.55416932397958,180.62655452806123,157.88871173469389,62.177823118974196,75.27324141619594,98.16049973727723
97,au97f9.jpg,224,224,1.0,15490779,113.79621731505102,102.28549505739795,92.64714205994898,43.79535261412598,45.491258341850774,47.830194148685294
98,8q3473.jpg,224,224,1.0,19900113,136.19640864158163,134.73070790816325,125.67908960459184,84.08279800468878,86.19300391038594,84.71223030887171
99,7v95ib.jpg,224,224,1.0,12504112,91.74143016581633,76.80727838010205,80.65632971938776,80.30996200664147,68.40111038385686,68.86888430373165
100,ce5l5j.jpg,224,224,1.0,17034699,132.83352598852042,108.46574059311224,98.1996771364796,55.580256820510094,58.67777480562789,53.60158571466544
101,cf5vqw.jpg,224,224,1.0,18519982,136.8025350765306,124.55990911989795,107.73796237244898,69.34725375892704,58.14173590413191,45.478715799217916
102,8i6zlt.jpg,224,224,1.0,17329839,132.6495137117347,116.91129225127551,95.82023278061224,67.59621154070031,67.0665965690444,70.13288602078184
103,9585ou.jpg,224,224,1.0,12097069,101.18530771683673,79.3675462372449,60.53987962372449,80.72877445427599,68.42006576466093,55.03916527187522
104,b54f6p.jpg,224,224,1.0,15838213,132.79119499362244,103.75386639030613,79.10809948979592,43.14813398788415,51.559446463759095,58.32561824541159
105,7gz60z.jpg,224,224,1.0,21175670,161.7157605229592,141.9143614477041,118.39773995535714,56.18014160074168,57.280260133447825,60.31363659836807
106,bezzzx.jpg,224,224,1.0,11590216,85.01727917729592,76.19889987244898,69.77505181760205,53.42532308803953,47.0765723337286,43.291290602537465
107,dg1oh6.jpg,224,224,1.0,19306919,170.84078045280611,125.30106026785714,88.64209980867346,43.26783710493405,45.55801934966672,61.0067631663255
108,8yjm3j.jpg,224,224,1.0,22418777,161.7361686862245,146.3124003507653,138.75422512755102,69.06085471668146,64.92479185816224,71.95293760006189
109,aynu44.jpg,224,224,1.0,13706955,94.24220742984694,93.98569036989795,84.94961734693878,52.41401666043703,60.25442603740186,74.11040771538995
110,7wt3zn.jpg,224,224,1.0,26012871,166.21853077168367,172.89857700892858,179.3154296875,61.03208658823084,55.10368149094214,54.37389394076799
111,6a5jyd.png,224,224,1.0,16425241,152.6913464604592,111.43532764668367,63.225864955357146,33.82399027749792,38.836419264660485,34.82362952993288
112,9k30cn.jpg,224,224,1.0,21197982,153.5587531887755,136.5882493622449,132.32553411989795,63.63241500516336,72.39155319846569,65.17388723470222
113,dk3and.png,224,224,1.0,10845537,83.15603077168367,74.78559470663265,58.2082669005102,65.43410486117882,54.73892032798735,34.589012489151564
114,90xx0j.jpg,224,224,1.0,18282777,133.87067522321428,120.03425940688776,110.46801259566327,67.70814937023202,74.64872110799769,78.36683878403156
115,b7n5p0.jpg,224,224,1.0,22616815,171.90987723214286,152.7569953762755,126.08278858418367,47.61606692176968,53.81729443902087,62.226586606372926
116,dm8kx8.jpg,224,224,1.0,20864662,173.54398517219389,139.63978794642858,102.64574697066327,60.05949678935332,58.46469913093147,61.24696052570176
117,8elmv5.jpg,224,224,1.0,13865009,118.4375996492347,93.19174505739795,64.69816246811224,65.80556194661277,59.99640159490226,55.318870639157524
118,8rey3c.jpg,224,224,1.0,19262728,161.95798788265307,128.06202168367346,93.88321109693878,49.51525131886913,49.34556467848255,49.43700164892482
119,5r84wi.jpg,224,224,1.0,11181456,113.52897799744898,61.73622847576531,47.57950015943877,52.82988631705649,58.03819362559041,52.18919878273993
120,blax3m.jpg,224,224,1.0,13711216,106.70681202168367,91.7652662627551,74.79035794005102,75.74752706838991,64.22768885880939,58.01620100785639
121,8nxfoq.jpg,224,224,1.0,19330141,136.91896524234693,129.12460140306123,119.20318478954081,74.73710387834917,77.97576090008349,79.96865910066512
122,b0ppdj.jpg,224,224,1.0,16437783,130.21149553571428,109.3228834502551,88.06812021683673,73.8708385050342,70.60814939809876,69.3579079487802
123,74a9dh.jpg,224,224,1.0,21441023,155.3170240752551,154.20176977040816,117.79751275510205,61.259366165195296,39.23821379639609,52.38898512386464
124,b2jvd1.jpg,224,224,1.0,12359586,115.62167171556122,80.52768255739795,50.17530293367347,68.2314031665238,46.23496712324721,27.32380140963702
125,bmwptn.jpg,224,224,1.0,18413758,160.7404934630102,120.33826929209184,85.90461575255102,41.86607522863663,56.19598305524573,65.80243770390624
126,atjion.jpg,224,224,1.0,24759091,189.58346619897958,166.97614397321428,136.88528380102042,56.50191013658213,71.57289387973518,90.22078039914888
127,cdrgnt.jpg,224,224,1.0,14930061,106.98194355867346,100.67159598214286,89.9002909757653,51.39679652253341,49.37292655783369,47.30315941056639
128,8k9jl3.jpg,224,224,1.0,8900477,82.91998166454081,54.668626434948976,39.79653619260204,54.08042379503353,41.48220129152059,30.630329294084124
129,870mch.jpg,224,224,1.0,18459978,114.88659917091837,131.8135762117347,121.20436065051021,60.42126288711957,59.98102813628627,62.307155691049694
130,btk1ui.jpg,224,224,1.0,18403354,150.1487962372449,121.81359614158163,94.81363600127551,56.29908096235045,50.40365671838686,61.948061365023555
131,6v4kes.jpg,224,224,1.0,11207919,85.26869419642857,73.02696508290816,65.07645089285714,62.448404957573835,59.68567694690301,58.739567153068634
132,8vlki6.jpg,224,224,1.0,18616057,146.12882653061226,122.51036352040816,102.3759765625,58.29491281713751,54.198193040780524,54.98791687375984
133,99y5l3.jpg,224,224,1.0,8108094,66.62533880739795,55.30072146045919,39.667012117346935,63.276572443690604,57.05212233619078,50.437055552765585
134,5ybp1c.jpg,224,224,1.0,21294732,160.60291772959184,142.6213926977041,121.17643893494898,55.23125095494469,58.981232320502485,67.04324912614426
135,cjvlox.jpg,224,224,1.0,17701495,126.24288504464286,117.08201132015306,109.46318957270408,79.66063935052189,72.61507865249764,63.825993560498446
136,8y0ph1.jpg,224,224,1.0,19948014,140.1893534757653,136.71745455994898,120.65405771683673,80.3103209266027,77.82887774241937,75.07183676121176
137,bpbn9f.jpg,224,224,1.0,18891355,140.90176578443877,123.49920280612245,112.10084502551021,60.22570298315893,58.100953367469536,59.80873194889189
138,6fdt2j.jpg,224,224,1.0,19589950,157.0667649872449,134.4200813137755,98.9378587372449,48.33246972264142,53.48625362922053,60.29970888530258
139,cox5r1.jpg,224,224,1.0,25551548,191.70340401785714,178.49575494260205,139.03928172831633,32.9306231622868,34.659494433195235,44.4085210358035
140,85itg7.jpg,224,224,1.0,17493715,117.6548150510204,122.53338249362245,108.45886479591837,54.05958862425284,53.52033614268464,58.47720485848141
141,bs2z46.jpg,224,224,1.0,29460784,201.41491948341837,199.76761798469389,185.96637834821428,65.00595304728876,67.80739900547158,79.933171510271
142,dhqkxp.jpg,224,224,1.0,22674674,158.46831154336735,152.7335578762755,140.7009127869898,71.42764530863812,75.16183073801055,79.52724314289517
143,7ig0ux.jpg,224,224,1.0,15696443,110.4329759247449,112.2816087372449,90.11312181122449,57.47029765335458,58.24323045012662,49.03033398988739
144,86per5.jpg,224,224,1.0,14038735,116.23068797831633,98.44112723214286,65.11802455357143,62.90966770845351,59.150208215124756,56.54687056066634
145,cdwrl6.jpg,224,224,1.0,29149117,201.86114875637756,193.36760602678572,185.7086854272959,71.76328602294114,79.89332518637497,87.82292802202522
146,dbcf26.jpg,224,224,1.0,19254124,136.89616549744898,127.39897560586735,119.43660315688776,78.74764267789006,71.63788053593912,61.313412147917404
147,dqx8se.jpg,224,224,1.0,16079964,128.86999760841837,108.544921875,83.05630181760205,78.70344998530015,68.75942577229213,71.29202097717298
148,99ccgb.jpg,224,224,1.0,15492435,112.40017139668367,104.46827168367346,91.89341517857143,45.19026439383436,41.967603755725875,40.23290472704314
149,bh7ad9.jpg,224,224,1.0,20544821,149.01032366071428,137.98981584821428,122.45499840561224,37.53868185976925,45.165466892652255,54.72673635948506
150,cx33dl.png,224,224,1.0,15522604,137.1413026147959,103.62836814413265,68.59345105229592,71.03194599481874,57.51283082164859,46.14518636660804
151,6wt0sm.jpg,224,224,1.0,27858049,193.2936862244898,187.67452566964286,174.2384406887755,71.16700605136351,70.77889134786933,86.0619969379999
152,8qqysc.jpg,224,224,1.0,16914372,132.90383848852042,117.21271125637755,86.98429528061224,63.8125654340002,58.3311253415268,47.05377084378511
153,c7cxoy.jpg,224,224,1.0,18242173,153.90082908163265,125.75416533801021,83.9087213010204,53.15588735297354,47.94754101975041,43.53878130117401
154,cxfaao.jpg,224,224,1.0,18419056,153.38424744897958,118.24541613520408,95.45930325255102,80.46865300038533,80.00385408367531,78.87219661945721
155,7hzukw.jpg,224,224,1.0,18686418,161.3241191007653,132.93024553571428,78.1630859375,57.5810957373811,59.2025428893879,70.03100318859293
156,auyu6n.jpg,224,224,1.0,13170166,122.79737324617346,80.0790019132653,59.60301737882653,75.33593489835779,55.93848100062143,44.137206783208896
157,cfq58d.jpg,224,224,1.0,14249835,103.60704320790816,94.3169244260204,86.07306281887755,53.97597865109513,51.38998123324321,51.61969426730962
158,601d1v.jpg,224,224,1.0,17213266,132.7936862244898,120.98361766581633,89.28045280612245,63.99465238686613,61.80684095955511,64.49354325121226
159,bjygyd.jpg,224,224,1.0,14244569,114.74962133290816,95.54370615433673,73.59875239158163,46.59383522487837,49.029458064916646,52.38859213888305
160,b18248.jpg,224,224,1.0,16042188,116.63265306122449,110.4874043367347,92.59829400510205,76.20102782146708,77.42387277452212,79.09404635196525
161,7cnode.png,224,224,1.0,16041919,112.15318080357143,108.20051419005102,99.35929528061224,104.83748172093722,103.99526651786651,102.22733814199486
162,br4262.jpg,224,224,1.0,15627832,114.11041135204081,106.49908322704081,90.85080516581633,70.27856129912355,71.55306449552208,72.75032560605248
163,6ilvvv.jpg,224,224,1.0,19805487,151.33472177933675,135.8233418367347,107.56226084183673,53.27281307530806,47.918886347729504,56.559085880642556
164,885duk.jpg,224,224,1.0,13502606,102.3521803252551,89.44399713010205,77.3086933992347,51.33602932635928,47.548543315849074,44.43479139753169
165,asj63y.jpg,224,224,1.0,20367397,153.12013711734693,138.28599330357142,114.51297433035714,55.105919688134016,54.62734665415454,62.896946349142056
166,bzf111.jpg,224,224,1.0,24422153,175.83494100765307,161.7560586734694,149.1387715242347,52.45889558381336,55.08769717229572,58.734375082094935
167,bfpl2j.jpg,224,224,1.0,12307747,93.19054926658163,77.82170758928571,74.27925701530613,58.800810359356916,47.385117812123596,56.260504094827446
168,7x9jel.jpg,224,224,1.0,11212929,91.60560825892857,72.24396125637755,59.622389190051024,61.231082821264266,62.13145367428337,62.50014100876693
169,bm5519.jpg,224,224,1.0,13982250,102.51010443239795,91.7806321747449,84.37336575255102,49.27238328966139,57.879209033778835,60.525696364437024
170,cogntl.jpg,224,224,1.0,18479502,170.71382732780611,109.96601961096938,87.6137994260204,72.9374016105795,84.60976139902684,76.51292467814102
171,bbfy8p.jpg,224,224,1.0,15878616,120.48367745535714,104.33958466198979,91.6351243622449,71.56294484419654,68.0506159886495,61.97132136634995
172,b2wdzb.jpg,224,224,1.0,23100457,172.57254464285714,153.50870934311226,134.3073182397959,39.95872789490269,53.994140711992294,62.99620169208292
173,8wk3z1.jpg,224,224,1.0,13771053,109.14156170280613,91.14281728316327,74.17059948979592,59.32779364813318,54.983975621651844,51.23245905728543
174,c7rzd9.jpg,224,224,1.0,21122828,168.17910953443877,139.29838966836735,113.49722975127551,53.012244788811834,50.43548010732952,54.02209539433944
175,7oz07c.jpg,224,224,1.0,18159216,131.4728555484694,122.55327248086735,107.88426737882654,71.03818837340364,61.28625631983851,55.72728874359196
176,825xny.jpg,224,224,1.0,18377700,139.35981345663265,121.45368303571429,105.45125159438776,63.430953393203964,63.81219429522843,62.72245086619167
177,cm0sav.jpg,224,224,1.0,16784768,115.35658482142857,113.02443399234694,106.13683832908163,54.14466741291263,55.80149139764955,60.653869702089246
178,79wn61.jpg,224,224,1.0,19336417,144.0006776147959,130.85636559311226,110.51478794642857,49.57445626033305,48.71183173273125,51.43190965793064
179,71l5ts.png,224,224,1.0,17697666,138.00906808035714,118.29161352040816,96.41109295280613,66.3832823237505,55.34892348091371,52.07089070061926
180,8evjxa.jpg,224,224,1.0,24034069,180.4411471619898,154.62976323341837,143.92440609056123,54.55713875983403,75.22862966830587,77.8732758760621
181,c1v99j.jpg,224,224,1.0,16560145,127.71845105229592,110.48989556760205,91.83280851403062,41.81874113519737,47.56939640599887,59.060292858862645
182,cw8ohe.jpg,224,224,1.0,12317350,111.14393335459184,88.07820471938776,46.260762117346935,32.669413637202304,32.93109856903034,27.977333503756242
183,8intue.jpg,224,224,1.0,19742315,151.18263711734693,128.6700215242347,113.60865752551021,55.4840984286581,56.0483192729189,58.29624858286781
184,6zhczh.jpg,224,224,1.0,22967848,157.71759406887756,148.90904017857142,151.11906090561226,97.11044425318413,100.05043797952645,104.04638430190269
185,az6d9k.jpg,224,224,1.0,22437107,158.50629783163265,151.06002869897958,137.60178172831633,80.03981715119994,83.38656618133692,92.15516167938316
186,861ab8.jpg,224,224,1.0,22303434,169.28015385841837,148.8548509247449,126.36902104591837,59.66812694421684,60.934407280114414,63.41278754957044
187,8z9xul.jpg,224,224,1.0,17664290,145.7898796237245,116.90154655612245,89.35516980229592,43.3136925996269,42.52182851232568,41.48647563980703
188,bcxmsr.jpg,224,224,1.0,15109938,115.43937340561224,99.5,86.19937818877551,62.66439755888988,62.19065408368964,60.32447198982015
189,c68byz.jpg,224,224,1.0,11285723,85.79954559948979,74.03051259566327,65.0926737882653,70.05527948773558,62.58822890595981,58.47294316048732
190,c3ooqj.jpg,224,224,1.0,14555747,121.18189971301021,90.93086336096938,77.98104671556122,53.42468010705914,58.97315669352776,60.33646838158105
191,7ojt02.jpg,224,224,1.0,20869386,161.59909119897958,134.5501036352041,119.77447385204081,28.916881083725215,41.77829414607352,51.153101049816215
192,dlycow.jpg,224,224,1.0,16128515,138.88924984056123,103.16254783163265,79.38703762755102,54.73344308518862,49.25494038349883,49.7365007005784
193,cyv80t.jpg,224,224,1.0,13490905,123.43917410714286,75.69589046556122,69.73660714285714,50.87411080949903,63.89398140689773,64.06174697790382
194,7sxbv3.jpg,224,224,1.0,23061808,166.40611049107142,156.47446986607142,136.73772321428572,54.38125214879037,55.36960352555413,60.461341606619754
195,8tiqxm.jpg,224,224,1.0,13270175,97.15230389030613,87.3379902742347,79.98226243622449,61.02073529379505,63.10310873680684,64.811223280057
196,81q5rw.jpg,224,224,1.0,17419750,149.55817522321428,117.50743383290816,80.10734215561224,68.59604430907505,59.901085229755346,49.92389533637211
197,7ceqzx.png,224,224,1.0,16783295,177.30672034438774,124.8802415497449,32.301538584183675,67.40138676804312,69.77414270590101,40.67539498908354
198,6b4ayx.png,224,224,1.0,20822992,143.41169084821428,153.4996412627551,118.08771125637755,83.82627536523681,78.9476915565202,86.29022591685978
199,5pbwhb.jpg,224,224,1.0,21348068,150.26024394132654,141.81947544642858,133.38400829081633,70.15944818153092,66.81229429660662,60.131458900436044
200,9g798l.jpg,224,224,1.0,13951897,110.10772082270408,88.77094626913265,79.18050462372449,54.229153005862855,44.35284830955351,44.10322698277105
201,h7iupi.jpg,224,224,1.0,18072644,134.66340481505102,122.78435905612245,102.73726482780613,66.75709796885693,66.51725951987457,69.41435776881904
202,73f9an.jpg,224,224,1.0,20462577,161.70278619260205,132.4055325255102,113.70770886479592,50.74650217178327,55.306638147854294,54.53257853518255
203,bkudwz.jpg,224,224,1.0,10478366,86.64538823341837,68.92687739158163,53.25996492346939,71.83710339014284,65.91171192584918,60.028942619702924
204,h11754.jpg,224,224,1.0,17394095,124.63097895408163,116.46960698341837,105.5610650510204,58.634083092191844,59.281273978956584,60.889124718148125
205,72yyx0.jpg,224,224,1.0,24608126,171.2617785395408,167.2918925382653,151.8825135522959,39.998459527416664,43.75029859179369,46.510033791981805
206,60hxxv.jpg,224,224,1.0,17352868,178.12950414540816,97.47729990433673,70.23319913903062,40.01388731795086,54.88973287894543,54.37841707552613
207,65q02s.jpg,224,224,1.0,17158523,115.4730149872449,113.89582669005102,112.59789540816327,88.82785926407992,89.4968927255003,91.60514120987368
208,awtvlh.jpg,224,224,1.0,16713427,115.1049505739796,111.53595344387755,106.45513791454081,40.925233627853224,35.62652530412251,32.65374099806634
209,7ffnxg.png,224,224,1.0,19553783,157.26034359056123,129.41075414540816,103.03280452806122,58.182787225658345,52.051528069782705,47.1435635608402
210,6nn1sn.jpg,224,224,1.0,20866019,159.8683633609694,135.7970344387755,120.19116709183673,69.09732902874201,72.12129012056306,75.36338497193921
211,6idpyi.jpg,224,224,1.0,17465571,147.26508689413265,115.23901865433673,85.58205117984694,64.65843172050054,69.36710466674323,77.4822038430393
212,bbnud0.jpg,224,224,1.0,20701443,143.51610331632654,135.84968909438774,133.21079799107142,68.71475020907408,65.01758775789935,64.95991567669668
213,dp9ixh.png,224,224,1.0,13772241,111.79470264668367,89.92012117346938,72.76383131377551,57.05940722863944,54.65371548380125,46.52565943467367
214,9e2gky.jpg,224,224,1.0,14344594,133.5123365752551,90.90642936862245,61.466796875,73.6619583720238,63.42325379235637,56.780258730311026
215,bqb8kl.jpg,224,224,1.0,12938614,117.42024075255102,85.16448102678571,55.27987484056123,44.30445375128432,40.38418952306,40.4830912156973
216,cdguao.jpg,224,224,1.0,16925924,128.74838568239795,114.62352519132654,93.95916374362245,68.24805901982633,61.2120454546856,54.815195544646826
217,988cgu.jpg,224,224,1.0,22088718,148.9666972257653,146.09592235331633,145.16214923469389,41.455203625917704,47.287652477194506,52.460416692509305
218,9937ky.jpg,224,224,1.0,14628406,121.75765306122449,94.05255500637755,75.73168447066327,63.130595746946085,56.16869592037944,49.90278708690275
219,ay370k.jpg,224,224,1.0,12522297,75.92745535714286,79.08045679209184,94.55955038265306,74.56192371113009,64.29656750458533,59.81091259906547
220,bk4xiz.jpg,224,224,1.0,25223623,184.07316246811226,171.1926419005102,147.4371412627551,35.30985926231416,30.05366092748246,35.77833980889391
221,5c7mu9.jpg,224,224,1.0,15304814,106.5596699617347,98.91045519770408,99.55247528698979,83.81095878572444,80.17082177430204,73.48812787971383
222,7pcwuf.jpg,224,224,1.0,11782056,102.22138073979592,82.93180006377551,49.6613919005102,81.91202997211234,67.7507125610606,49.79612153445123
223,c25nrr.jpg,224,224,1.0,18084840,139.60200095663265,118.35726243622449,102.46882971938776,61.22103515842101,61.22616182069565,65.55041820768096
224,b05ygq.jpg,224,224,1.0,19650119,161.54904735331633,131.2600645727041,98.81475207270408,60.70453921481616,58.667491423547794,62.69102648949208
225,6w10zh.jpg,224,224,1.0,13475687,113.94417649872449,88.3061822385204,66.31802056760205,56.00001043440793,50.93226488104157,46.493738251768264
226,cer9z6.jpg,224,224,1.0,17330729,130.0354551977041,118.05815529336735,97.30516581632654,62.6223696704254,60.54492468103971,63.201895051070146
227,bxfs7l.jpg,224,224,1.0,19785026,146.55414939413265,132.96183434311226,114.79655612244898,36.52299804346449,50.06225037374369,64.54130046087175
228,cirafm.jpg,224,224,1.0,17161685,132.0155253507653,115.1264947385204,94.88773517219387,75.05363766866296,70.22078232011324,64.29026283080987
229,bucuer.jpg,224,224,1.0,15947530,128.10692362882654,109.17898995535714,80.54591836734694,36.36983879099908,30.35868873795397,28.224487519044946
230,cpe4lv.jpg,224,224,1.0,19523342,142.61971859056123,139.64666374362244,106.83083545918367,50.37122294973015,48.46167408232099,51.492254665772435
231,cb1hmn.jpg,224,224,1.0,21976179,185.01614317602042,141.5973971619898,111.36834343112245,41.086276170096255,39.4644619673437,45.900459755538506
232,d00apc.jpg,224,224,1.0,17481615,159.32593271683675,123.09895169005102,65.98102678571429,50.941982027119245,53.64107855191086,60.68880766916916
233,31vi2g.jpg,224,224,1.0,14358767,110.64644451530613,93.45607461734694,82.06550940688776,80.21915060531444,71.189083617956,65.11994759479215
234,8va4xz.jpg,224,224,1.0,16335649,117.46251195790816,103.90644929846938,104.19802295918367,74.68596583432448,71.57596245032066,73.34253364173662
235,8olfjv.jpg,224,224,1.0,12756217,108.65282206632654,85.15780452806122,60.418825733418366,73.07500473467084,55.509621601995626,44.49055434992292
236,8sp8v9.jpg,224,224,1.0,20304127,138.95067362882654,135.55171795280611,130.15575175382654,41.57606061319318,40.438695598649005,43.74426570475343
237,60cq7x.jpg,224,224,1.0,17770029,150.10632573341837,118.9081034757653,85.13952885841837,68.611812906966,64.22487437048912,59.20359425199247
238,clisit.jpg,224,224,1.0,24792098,201.3948899872449,154.07824457908163,138.6295838647959,61.856085036917776,92.69257468138376,104.2283685137952
239,6tf6xe.jpg,224,224,1.0,18579035,156.17323022959184,121.80315290178571,92.30094068877551,72.13579492191894,70.42120518998503,70.17546535798314
240,5xemcv.jpg,224,224,1.0,23389727,183.97010522959184,160.33262914540816,121.8509446747449,39.99242573124352,47.77672364715078,63.025342222484504
241,8w38uj.jpg,224,224,1.0,15829541,112.46490353954081,106.79284917091837,96.22257653061224,62.98611277484834,64.06703114797534,68.59525317743412
242,91hubd.jpg,224,224,1.0,16812937,119.56317761479592,114.85216039540816,100.66392299107143,65.26447185117227,59.006837116448025,53.18776786647278
243,b8sive.jpg,224,224,1.0,24894484,187.9993223852041,164.46143574617346,143.68249760841837,47.49810725136063,50.4170413332975,58.3314291064428
244,6jwsnp.jpg,224,224,1.0,18260072,129.7326809630102,124.47020487882654,109.71755420918367,61.17705814107518,57.31915039425411,51.54837336986815
245,ddnkb4.jpg,224,224,1.0,12305341,83.99940210459184,79.52853954081633,81.71562101403062,83.21019183269468,76.57938109546197,71.97778575466624
246,cuu6go.jpg,224,224,1.0,13227181,100.91374362244898,85.33918606505102,77.3627630739796,59.34729225317496,65.75159897451056,65.87852465026076
247,56ijyl.jpg,224,224,1.0,19598190,167.1456074617347,145.80004384566325,77.64327566964286,75.3921265106219,69.02407291011879,42.192386808617485
248,cg6dkr.jpg,224,224,1.0,20251218,158.00669642857142,134.6726522640306,110.92432637117346,56.697779748733595,61.686555364616105,69.96095474961491
249,6w6qnx.jpg,224,224,1.0,20228114,175.75972576530611,131.89136240433675,95.49212771045919,42.436357673619526,48.90462600331991,73.1778394817436
250,92mxd7.jpg,224,224,1.0,17860517,137.26512675382654,114.40176578443878,104.29047751913265,54.480683644405595,54.53863517976074,60.12377441216333
251,6e7b49.jpg,224,224,1.0,19402427,161.50980548469389,130.89536830357142,94.2822265625,56.065703112717564,52.22768919573179,53.10119484462047
252,74ok7v.jpg,224,224,1.0,18699007,138.9274354272959,124.45866549744898,109.28224649234694,60.57319458269426,60.988045538986825,61.245056031134816
253,8zyj8z.jpg,224,224,1.0,23406539,167.48748405612244,155.7507174744898,143.25053810586735,54.064962515431624,59.6404174366972,61.28233337494723
254,au0c45.jpg,224,224,1.0,15958208,137.25837053571428,108.47161989795919,72.31465242346938,61.59385054655188,73.38732295603916,68.74196211528697
255,5pzc6m.jpg,224,224,1.0,18568133,143.61202566964286,122.23256138392857,104.2154615752551,36.141532694632616,49.65182208869016,45.121326938697436
256,b5ojpy.jpg,224,224,1.0,21562395,172.4840760522959,140.33723294005102,116.91392299107143,61.24350191946091,71.31429176769599,82.67764978869103
257,6udx07.jpg,224,224,1.0,20405515,148.7585299744898,137.7555006377551,120.16476004464286,47.28063360107526,54.20385379563991,60.66719203775886
258,dh3fuh.jpg,224,224,1.0,7517894,79.79866868622449,51.72875478316327,18.30305325255102,45.79072548365488,33.903273096709974,18.131698364345464
259,ck8bvq.jpg,224,224,1.0,14258270,105.67578125,95.2618183992347,83.2275390625,59.46342831209927,55.1617793110157,46.52198732061513
260,d1vo3q.jpg,224,224,1.0,13426654,101.18580596301021,87.7623365752551,78.64301658163265,52.009820028190575,53.81406193358472,52.22205406858851
261,b4w5c3.jpg,224,224,1.0,11699706,99.20505819515306,79.84052136479592,54.12777024872449,76.30320173146117,60.22236243373907,41.306969170196595
262,d1bbzx.jpg,224,224,1.0,18221553,136.51355229591837,109.89783960459184,116.74137037627551,63.087080508211514,59.848481077609456,57.34976747944188
263,c5our1.jpg,224,224,1.0,16385879,141.30949059311226,106.62699298469387,78.63157684948979,47.43861604161686,47.12136550174109,48.74919653021321
264,7h9rn1.jpg,224,224,1.0,15477187,136.24818638392858,106.6792291135204,65.53055245535714,46.66158268947201,54.804724252515435,63.95896579609175
265,dejere.jpg,224,224,1.0,16720015,118.30608258928571,109.99980070153062,104.92145647321429,54.9554179208629,54.76285187744605,55.14568654625694
266,6429gw.png,224,224,1.0,14808863,106.56058673469387,99.0390625,89.53872369260205,78.71498525810573,69.84464434058219,65.03157297723928
267,b6x12m.jpg,224,224,1.0,14335764,110.80540497448979,96.6773756377551,78.22680165816327,72.03879434103705,65.57787231459368,62.000213280679056
268,c5znak.jpg,224,224,1.0,27350959,203.7230149872449,183.44882015306123,157.92859135841837,51.07924602661141,63.28213459481134,78.96701163041308
269,4zoird.jpg,224,224,1.0,17430502,155.8682637117347,110.14080436862245,81.37816884566327,44.032276149837614,50.517529346039794,52.6239072547746
270,babg6g.jpg,224,224,1.0,15862423,143.96352838010205,103.6581034757653,68.5140306122449,63.321151796587316,66.29060951011141,63.481869430426485
271,ch6e2p.jpg,224,224,1.0,18082989,137.76102120535714,117.82525510204081,104.80492665816327,53.13418426862398,52.85129179969641,55.91243214350927
272,6nwp72.jpg,224,224,1.0,12308675,97.6112284757653,82.07290338010205,65.6258769132653,62.751641568081176,56.083487833852885,42.203427870349685
273,9cmp2e.jpg,224,224,1.0,15695634,128.23497289540816,94.27469308035714,90.30191725127551,61.48265172745849,64.72997116204286,66.93688505708624
274,8shfi2.jpg,224,224,1.0,17122192,139.7974928252551,111.45681202168367,89.98836096938776,52.51559294612608,62.56576457294355,70.99091438430484
275,huii66.jpg,224,224,1.0,20331364,144.29643654336735,133.66071428571428,127.24382174744898,58.292748257558785,57.02968249872703,53.14964147242009
276,g1sn5j.jpg,224,224,1.0,15343625,124.3385084502551,93.31963488520408,88.13795440051021,73.67516625463243,61.707498763871655,56.24978016532292
277,c8x9qr.jpg,224,224,1.0,14273056,141.07473692602042,86.60064572704081,56.7844387755102,66.14555894120511,60.263408853543645,52.99179249603357
278,d60fvl.jpg,224,224,1.0,15972963,122.98182397959184,107.68993144132654,87.66695232780613,73.06039377161476,63.26540443989119,68.63500317419137
279,5oyd8z.jpg,224,224,1.0,12794147,101.99942203443878,91.14526865433673,61.840700733418366,55.00524510139629,53.12494450341837,52.40468710038568
280,ar47cx.jpg,224,224,1.0,17524970,160.43819754464286,101.60847815688776,87.22329400510205,51.019371327071184,36.194452281867406,35.971151118781904
281,7ldcx0.jpg,224,224,1.0,16918640,135.01016422193877,108.64508928571429,93.53065210459184,70.24118588946217,73.30695922521012,69.87526851506959
282,b6i9we.jpg,224,224,1.0,18261847,125.32611208545919,122.86981823979592,115.75988520408163,48.348576379552284,41.282339299523024,40.77043460877444
283,916x31.jpg,224,224,1.0,23874476,168.16320551658163,156.5829081632653,151.06853874362244,48.4459197977489,61.085272668219716,71.38470071492024
284,dng4y0.jpg,224,224,1.0,19165769,137.53712930484693,124.36104910714286,120.07266422193878,55.3641640903195,46.5467450477166,52.972932693023765
285,biutr6.jpg,224,224,1.0,19499170,142.20212850765307,128.62420280612244,117.78914221938776,43.71978320864928,50.893979461331185,56.040913330619695
286,8yrtiz.jpg,224,224,1.0,13740481,124.08527981505102,97.80267458545919,51.957728794642854,41.92986242186665,39.285552272664766,28.854420005709024
287,d45ogr.jpg,224,224,1.0,17545314,156.99348294005102,111.04930644132654,81.63263313137755,61.428101779526266,64.55972326938632,62.38947614803671
288,8wbf15.jpg,224,224,1.0,19164028,140.5556640625,128.6614317602041,112.71904894770408,82.52303864915359,79.97924789671087,80.02380520553754
289,90fry8.jpg,224,224,1.0,11379096,86.63038105867346,75.19435586734694,64.95890465561224,63.74762166793209,57.527201211052585,50.05361229305417
290,bc7xlv.jpg,224,224,1.0,18012565,120.41948341836735,116.9546197385204,121.61356026785714,83.43116648277801,75.70583885522602,65.15760103784432
291,irg0c6.jpg,224,224,1.0,21511429,161.3622448979592,144.4471659757653,122.91007653061224,40.214415518519566,52.50093687229728,68.11058993023518
292,bnbkzi.jpg,224,224,1.0,25921301,179.5276028380102,172.46434550382654,164.61561304209184,37.87674372808502,41.15241971112856,44.42574243134299
293,6gkzlm.jpg,224,224,1.0,15132595,135.4944395727041,101.65951849489795,64.43634406887755,57.869004799898086,51.55340968377606,56.542202124368515
294,dbrfth.jpg,224,224,1.0,19598671,136.2693319515306,157.84807477678572,96.48110650510205,79.62373051782613,67.32279787264709,79.29469389015125
295,853jwt.jpg,224,224,1.0,19143846,110.7143853635204,153.8082350127551,117.01130022321429,83.09288664643525,64.84761081407903,74.7171031270387
296,67qjko.jpg,224,224,1.0,17425238,139.56138392857142,119.89439174107143,87.82655054209184,73.32922556264934,68.3939579624313,63.899579960622354
297,c34c1n.jpg,224,224,1.0,16745465,140.52002949617346,111.63394850127551,81.58057637117346,64.1108176844101,63.441522714160584,61.179340266930616
298,bylv7c.jpg,224,224,1.0,17636574,130.88345025510205,123.56287866709184,97.04789142219387,47.485077211041755,56.35043570646938,70.61833682629417
299,chiimu.jpg,224,224,1.0,14788496,136.7948222257653,99.16107302295919,58.77656648596939,58.87945475646807,54.03940136482852,46.44161391475214
300,gzg5q4.jpg,224,224,1.0,18367347,143.6646803252551,115.97004544005102,106.42368861607143,56.602205741505685,61.093051071589294,62.26743494247238
301,dj2n1m.jpg,224,224,1.0,18053860,134.1202168367347,133.0905213647959,92.59992825255102,59.96424564006933,61.53692991256258,57.157941466039155
302,8mjouy.jpg,224,224,1.0,15481375,139.19200414540816,99.13966836734694,70.20976163903062,60.41099870215116,63.17143725430999,52.789226104883326
303,d96jlj.jpg,224,224,1.0,16490137,127.56439333545919,107.37549824617346,93.70601482780613,58.84158317531429,63.823574527352335,66.33573378191895
304,7275mt.jpg,224,224,1.0,19811092,148.5179368622449,131.45202885841837,114.86206552933673,43.342236479289184,47.238615318544774,52.83117581942674
305,794jvj.jpg,224,224,1.0,16484522,129.44168526785714,109.03296396683673,90.05935108418367,60.82711505506921,43.34835301342348,40.55838711923975
306,98my1p.jpg,224,224,1.0,17493177,125.85939492984694,112.70719068877551,110.06975446428571,68.06267027735835,59.98444739663957,69.12711013268857
307,8cwd1d.jpg,224,224,1.0,15827061,121.80548469387755,110.09446747448979,83.53095105229592,40.34993405378965,41.32870174218799,36.909024733315626
308,ca6ply.jpg,224,224,1.0,16774804,135.66384327168367,107.4740911989796,91.18134167729592,60.04580340163358,66.84254742554378,71.93283068490186
309,cxxq7z.jpg,224,224,1.0,9917044,81.26620296556122,66.2367865114796,50.14217952806123,45.05706799089887,36.03780305391587,33.23612044257929
310,8x2h9b.jpg,224,224,1.0,19729016,144.02022879464286,131.21496332908163,117.96107700892857,38.835833813088875,42.04481193973595,54.354392387067925
311,c4h656.jpg,224,224,1.0,16673171,144.45866549744898,109.89722177933673,77.9378587372449,47.306386227849735,46.85514268445321,48.62935142713367
312,bx7ejz.jpg,224,224,1.0,15459477,121.36290258290816,89.19826211734694,97.5438456632653,72.78670260281457,69.10610027251698,73.14968888387573
313,dkdu0v.jpg,224,224,1.0,18105976,152.2126315369898,110.41434151785714,98.22235730229592,63.65682942998498,55.970519883051196,56.04560870481858
314,b10x20.jpg,224,224,1.0,21828507,168.0246133609694,149.43516820790816,117.57902184311224,48.7526213896736,54.65840171604462,70.54333603125252
315,9g08j5.jpg,224,224,1.0,16333227,117.83713329081633,110.80393016581633,96.87765066964286,72.2758276448199,66.41422762179589,66.11225329862626
316,87juit.png,224,224,1.0,21171370,162.93062420280611,148.96436543367346,110.04717394770408,53.29673687617281,51.658641484875375,53.37599421272136
317,bpv1z0.jpg,224,224,1.0,21753121,159.98120615433675,147.51895328443877,126.03621253188776,49.479180663635496,46.43811542861396,50.060305071485914
318,b9siq6.jpg,224,224,1.0,15090014,114.7359693877551,100.36557318239795,85.64012675382654,48.46541125605405,54.397718631513975,61.03782668189444
319,bd58lf.jpg,224,224,1.0,14712359,116.72225765306122,99.78200733418367,76.71079799107143,71.84943552996384,69.03655575055276,56.85132251131931
320,6gwqly.jpg,224,224,1.0,18910952,145.85588727678572,124.09074059311224,106.94575095663265,58.340530720339835,56.38535123227808,70.84697743065084
321,8p08r2.jpg,224,224,1.0,15801379,138.4118104272959,99.04488201530613,77.4623724489796,48.988630484998204,51.38918865920273,58.62304097111108
322,avts7c.png,224,224,1.0,18768881,149.47869499362244,117.46388711734694,107.11834343112245,59.67449993741361,76.32588810007597,81.39212222642364
323,bo163c.jpg,224,224,1.0,20447521,179.03374123086735,122.17522321428571,106.3069993622449,44.73537998785934,79.46765059056325,72.14074113181256
324,8rr2cc.jpg,224,224,1.0,17579889,143.2525709502551,120.52764269770408,86.58428332270408,47.68339206342199,45.969689640723345,44.77398366771853
325,bkkur5.jpg,224,224,1.0,12170873,88.64012675382654,80.57860331632654,73.34490593112245,56.08154636890879,54.33721930863488,51.5131185649484
326,8ifde5.jpg,224,224,1.0,17527491,133.63966836734693,117.54623724489795,98.1343072385204,63.53853250809997,52.68575592835491,54.01663847199681
327,bu0syu.jpg,224,224,1.0,15687205,111.30919164540816,105.15750558035714,96.17689732142857,72.6444633572135,64.61136611993078,56.466457433756936
328,ax98uy.jpg,224,224,1.0,13816147,119.34883211096938,93.32722815688776,62.67763472576531,70.35166332671639,65.38194211408542,64.94811918769472
329,67xw69.jpg,224,224,1.0,10926797,89.02527104591837,73.94110730229592,54.803013392857146,53.85774232706117,43.62771151065037,31.018505763241716
330,6p59is.jpg,224,224,1.0,14687830,126.15959821428571,87.56525031887755,79.00135522959184,55.01490947931424,53.63917412383138,49.85242489522211
331,dlkb2s.jpg,224,224,1.0,26082936,200.00538105867346,174.8417370854592,144.9818040497449,43.17378436772646,57.64215911585357,73.08801862098763
332,6dhh7p.jpg,224,224,1.0,11775244,108.60843829719387,72.7241509885204,53.34622130102041,61.341142878938726,56.40909279219014,54.7437166311704
333,aul6jh.jpg,224,224,1.0,15801420,115.64777981505102,107.64447146045919,91.62763073979592,61.83089933566287,64.40408291539546,61.50363662820069
334,7nhlke.jpg,224,224,1.0,18897986,148.84315210459184,129.1789700255102,98.6118463010204,67.52996423792146,71.99414521013944,72.67413748959446
335,cu1og6.png,224,224,1.0,15280214,139.33225047831633,103.20041454081633,61.99966119260204,65.2798638146887,57.94558259194563,59.737755480864756
336,bbxu69.jpg,224,224,1.0,15045321,101.94011080994898,99.6065449617347,98.30428890306122,59.046889645748585,50.964402719934824,54.33199392215273
337,aspax7.jpg,224,224,1.0,24035538,192.92340959821428,160.09831393494898,126.00286989795919,41.156000045507504,46.36150376075181,57.947030040822206
338,c9plx1.jpg,224,224,1.0,13538681,113.34964923469387,78.04530054209184,78.42889030612245,37.45640369563844,33.35309477096447,56.225504211455096
339,8px1b6.jpg,224,224,1.0,17558674,156.69106744260205,115.26713966836735,77.98347815688776,51.18418034131219,56.17654700665984,60.217541050322886
340,ayxsgz.jpg,224,224,1.0,24701234,178.9778380102041,164.3262715242347,148.98770328443877,55.43859886844831,57.329142089363444,59.52697544996414
341,bq2dej.jpg,224,224,1.0,16323410,126.25099649234694,107.13988759566327,91.93217873086735,63.46383145685658,56.25563908967594,50.36076683313734
342,c8olmb.jpg,224,224,1.0,15411446,130.98527184311226,106.12470105229592,70.03778698979592,53.172159836800134,49.649752368628974,47.97200168378441
343,hv73z6.jpg,224,224,1.0,18801846,136.66852678571428,125.6953125,112.35407366071429,52.97194431128524,59.20874581264085,61.785148752208926
344,d6i7a6.jpg,224,224,1.0,18289112,140.47917330994898,123.58806999362245,100.43195950255102,51.995586929953085,56.11695945191394,63.750590500613654
345,8lz9hq.jpg,224,224,1.0,16256347,115.86800462372449,115.46560108418367,92.65290178571429,67.11056920913396,65.65222901876949,52.985508820428834
346,84xl6y.jpg,224,224,1.0,21066877,141.6317362882653,146.3059231505102,131.9219746492347,77.28904711350516,66.82324224932674,66.67802856413029
347,941w11.jpg,224,224,1.0,7818322,61.856564891581634,50.92093829719388,43.040457589285715,64.37376049825949,52.028009483079245,42.55777179730908
348,8te5l5.jpg,224,224,1.0,20654627,157.60293765943877,132.38257334183675,121.65804368622449,65.48518730367933,58.59056745134637,61.06564344361763
349,csv5b5.jpg,224,224,1.0,12820814,106.28760762117346,86.39813855229592,62.83111447704081,78.52768497901641,73.02304937700768,61.01441686496283
350,5s1txz.jpg,224,224,1.0,17169941,149.7958386479592,112.2666015625,80.13185586734694,64.60432124034348,74.7807299960411,66.34910936589573
351,9jibrx.jpg,224,224,1.0,24559193,169.7349928252551,163.66551737882654,156.0604472257653,62.69006769054846,62.83605371447208,63.360401598663074
352,cn55t0.jpg,224,224,1.0,24431600,171.29878826530611,163.96745455994898,151.65180564413265,69.8575392106311,70.5377344666198,77.4978418499409
353,d6u7vg.jpg,224,224,1.0,18009483,154.03023357780611,125.68917410714286,79.20683195153062,74.01544013367784,70.77454964448114,75.31024288180377
354,94jpd4.jpg,224,224,1.0,23701073,167.2372448979592,159.5127949617347,145.60871731505102,50.36407267666438,57.97627446930317,72.64357168665991
355,9cvnam.jpg,224,224,1.0,14128062,106.8155293367347,94.9342115752551,79.82037228954081,56.84959424641971,58.057835041191126,54.90900440417144
356,70unhf.jpg,224,224,1.0,9140096,70.68090322066327,59.04229113520408,52.437519929846935,87.84636620234146,73.83021599838408,66.95770892182402
357,buubfs.jpg,224,224,1.0,18072644,134.66340481505102,122.78435905612245,102.73726482780613,66.75709796885693,66.51725951987457,69.41435776881904
358,6cy4tz.jpg,224,224,1.0,17772983,128.38042091836735,114.07625159438776,111.75615832270408,54.84623837410971,64.32621620046405,72.87436546879867
359,bwcalo.jpg,224,224,1.0,23007015,180.59476642219389,164.73451450892858,113.19700653698979,59.4250942320754,67.07732905934701,79.47976945737253
360,82om76.jpg,224,224,1.0,16978460,142.11495535714286,101.64090401785714,94.62224968112245,52.91041839930331,61.03269412572229,58.717242842222305
361,desikw.jpg,224,224,1.0,19489951,153.82300302933675,125.94632892219387,108.66240832270408,77.14528857593287,84.38814835948045,86.2338809128217
362,7g4z8w.jpg,224,224,1.0,19545487,153.4131855867347,129.37693319515307,106.74844547193878,57.64266453315754,55.25677646510061,58.16830404917412
363,9a7h8g.jpg,224,224,1.0,17124413,135.45994100765307,113.07489636479592,92.75209263392857,59.24402334821433,62.01180064755738,67.66639974891481
364,7xxedv.jpg,224,224,1.0,14540607,135.8582987882653,95.58366549744898,58.35010762117347,56.92022627578883,53.2035480186069,50.1074281703696
365,8nk0e2.jpg,224,224,1.0,14947107,116.34753667091837,101.34765625,80.19836176658163,80.87003970702901,64.43847201006189,49.09910622252333
366,irqx9i.jpg,224,224,1.0,20652165,169.09725765306123,137.6123046875,104.88492506377551,39.33669616669867,53.17599914834721,65.63112786582427
367,cgey9q.png,224,224,1.0,6981377,55.61900111607143,46.640644929846935,36.87812898596939,74.62966676916233,63.73282604754209,55.49778859735773
368,6ncaeh.jpg,224,224,1.0,14779022,125.44475446428571,83.69351881377551,85.4053730867347,56.74710700087757,54.03902495012795,49.91842171342691
369,9f6r35.jpg,224,224,1.0,17248548,129.92327008928572,105.49860491071429,108.33904655612245,78.54724244602986,62.84674222469934,59.307594348186186
370,9gb6xz.jpg,224,224,1.0,11042847,90.27923708545919,66.1094746492347,63.69353874362245,39.135703502147656,50.8257435877866,48.59630824219082
371,d0jfr0.jpg,224,224,1.0,21857966,161.3704161352041,145.20210857780611,129.05339205994898,65.67576289914133,70.18591232634,76.1510065883693
372,7lvn2s.png,224,224,1.0,15173008,156.41647401147958,71.97562579719387,74.00362723214286,47.59234485413977,80.93025896298201,65.46943742330699
373,848005.jpg,224,224,1.0,12843805,87.4913105867347,88.6039740114796,79.8797831632653,60.11275813367721,48.626255321835394,46.28278425832851
374,cboow9.jpg,224,224,1.0,16125281,134.65369897959184,98.40571189413265,88.3149713010204,78.94118665767662,87.4630003226614,87.02619809944193
375,bssq3e.jpg,224,224,1.0,16208621,113.79264987244898,107.10953443877551,102.13315130739795,50.95640626839182,48.74012606023334,51.986081243145065
376,d75tyx.jpg,224,224,1.0,11122118,88.33549904336735,74.37486049107143,58.95174984056123,80.08504381000277,69.75176184036822,63.66594914773967
377,8j4xq2.jpg,224,224,1.0,17510285,129.2967753507653,119.79121492346938,99.88930963010205,71.60812500972051,63.982519567915226,50.54595176972957
378,92uvqz.jpg,224,224,1.0,19674740,133.24015465561226,135.06150350765307,123.81289859693878,66.6421235785041,41.10980936690588,41.41150729332088
379,doxmze.jpg,224,224,1.0,16003550,137.9710020727041,101.80773676658163,79.1695631377551,72.6548419613422,62.065484184853915,58.714213983710685
380,6ulrvt.png,224,224,1.0,14814814,128.8457629145408,99.49497767857143,66.91623485331633,68.91626309183228,58.77626704893235,50.185166328958715
381,6pg4zn.png,224,224,1.0,22858575,172.3274473852041,155.93327487244898,127.30717873086735,45.74200471868732,51.81357174911039,62.504241318816305
382,att04u.jpg,224,224,1.0,17927018,149.8405612244898,112.54868861607143,94.89347496811224,50.821917681652266,65.02430328586014,68.6436369401632
383,8juzxd.jpg,224,224,1.0,10677904,111.16764987244898,80.5048828125,21.136459661989797,63.20077030427265,35.20322083402689,17.849834810779882
384,bwxt0o.jpg,224,224,1.0,19457500,154.19953762755102,128.33715322066325,105.24830596301021,51.41939833038365,53.05858757356305,56.737831718095535
385,dkks0s.jpg,224,224,1.0,12861293,120.82722815688776,73.72831632653062,61.76805644132653,68.25190290750945,50.51514843868709,48.50707491677382
386,htstrk.jpg,224,224,1.0,18460783,149.0350964604592,121.06746253188776,97.81802056760205,58.68348811757317,50.66457035641281,47.62751692058512
387,64xlvd.jpg,224,224,1.0,15085835,104.03019371811224,99.13962850765306,97.48856026785714,48.32674369436519,46.78559538618756,50.09916812557745
388,dacnqv.jpg,224,224,1.0,15903236,170.81742267219389,118.83504065688776,27.296595982142858,29.91178916282269,34.181806259116605,42.65967997035218
389,85at10.jpg,224,224,1.0,17216326,132.80859375,120.98301977040816,89.32712850765306,64.56806973475715,62.4055711292896,65.07750825997593
390,8be6ss.jpg,224,224,1.0,9143574,79.79127471301021,59.869758450255105,42.56899713010204,58.078403430834115,49.488275809443245,49.78416447790788
391,boka2e.jpg,224,224,1.0,14109787,90.02473294005102,96.22538663903062,94.95577566964286,71.61989754181654,75.41142944843347,74.14263684021896
392,9c2mze.jpg,224,224,1.0,8628249,67.8805006377551,54.25930723852041,49.81987404336735,69.84332175852367,53.84234754115036,47.25635603828651
393,b4ljob.jpg,224,224,1.0,14175986,107.99162946428571,91.03784677933673,83.49575494260205,54.41933787935589,55.26327567429089,57.210455116014664
394,9i60p4.jpg,224,224,1.0,20441212,149.20926339285714,135.91276705994898,122.2681959502551,58.69664600197254,61.66417604323815,65.2130110038725
395,bvfjzn.jpg,224,224,1.0,14645982,108.19987643494898,98.61798469387755,85.0743183992347,53.60394148041734,51.87624428573876,46.67808210226935
396,begpj0.jpg,224,224,1.0,15982737,159.88620057397958,99.84994818239795,58.79735331632653,65.3881571315325,56.800616667496676,53.90025559848302
397,dc8tx7.jpg,224,224,1.0,18347366,161.67934869260205,124.12773038903062,79.85311702806122,56.762600241839074,53.34797825260411,58.66448085872035
398,6m2g5y.jpg,224,224,1.0,19842722,145.52525111607142,132.7343152104592,117.20284598214286,38.754252669157644,43.336003860872964,55.74136916009251
399,cqjvf5.jpg,224,224,1.0,27263406,198.75980548469389,182.55978954081633,162.03591358418367,51.97274438237443,64.80328274268723,69.62034166769224
400,8d2ay9.jpg,224,224,1.0,20936391,148.52102598852042,138.27355707908163,130.4644850127551,66.85325405452015,64.92492124989522,73.6591653939282
401,g121jh.jpg,224,224,1.0,11970775,93.97134088010205,83.79125478316327,60.813117825255105,68.74458941896363,64.81256697387568,59.97046776093006
402,c0vnlu.jpg,224,224,1.0,4033228,40.1447903380102,29.520308514030614,10.716517857142858,65.81796113414812,50.73396155852016,24.485461438719668
403,8j02or.jpg,224,224,1.0,19732747,137.08890704719389,130.04105548469389,126.14066485969387,48.881717657451716,53.33057191576885,54.92849508636996
404,bhmohp.jpg,224,224,1.0,21310649,159.634765625,143.8446269132653,121.23858019770408,71.32983727364007,66.04956544514266,61.339445076155876
405,63nkh7.jpg,224,224,1.0,15964492,112.64690290178571,105.5316087372449,99.99137037627551,66.57960748028462,65.53467269215069,65.20300411425242
406,bqhy32.jpg,224,224,1.0,15909126,136.80626195790816,97.24481823979592,83.01536591198979,66.32233964374124,59.312102603441716,53.71618967184813
407,8zqgka.jpg,224,224,1.0,11151470,89.79161352040816,72.45216836734694,60.00330835459184,45.572142972021496,43.774245560372776,38.45968370415528
408,6h3gae.jpg,224,224,1.0,21228119,149.97981106505102,142.42623963647958,130.66711176658163,56.02771956901878,65.94768440621267,82.21846054543373
409,8vteci.jpg,224,224,1.0,13195856,103.89672353316327,84.33252949617346,74.76213727678571,74.10782712965994,64.70637183207822,63.820490506873384
410,c9ft99.jpg,224,224,1.0,17206540,132.1057676977041,111.60371492346938,99.2142259247449,71.87985560501244,70.04564642757605,66.42180239332498
411,cmb3c3.jpg,224,224,1.0,15279152,110.9896165497449,102.09052136479592,91.4310227997449,76.18307006170775,72.09116159279397,67.47854133673987
412,bh24zd.jpg,224,224,1.0,12986399,106.23634805484694,87.57742745535714,65.00316884566327,62.698348869654446,54.955549929005,40.28652820230227
413,co3kqs.jpg,224,224,1.0,17488495,126.46641820790816,116.16218909438776,105.9144212372449,59.85138432658979,60.074072730821825,61.21988380751362
414,88tjol.jpg,224,224,1.0,18584332,132.47199856505102,123.26895328443878,114.64194036989795,55.97654453701876,61.46442213869581,66.10982642396206
415,8ui9mb.jpg,224,224,1.0,23826035,181.3687818877551,161.12228954081633,132.35815927933675,30.23931837123679,39.27072959740619,56.2529985240312
416,cwkr7e.jpg,224,224,1.0,21257012,152.1774354272959,138.01544563137756,133.4561144770408,69.73237397248701,72.48066121244645,72.50355585987614
417,8rklqk.jpg,224,224,1.0,22581923,169.66739078443877,142.1621691645408,138.2247090242347,44.60688061193391,66.15915559746799,66.46021522822683
418,7qta7o.jpg,224,224,1.0,13489577,102.64287707270408,91.78742825255102,74.41489955357143,79.48598390986386,72.1766709771341,68.04040815927212
419,crvzmz.jpg,224,224,1.0,18733446,145.7467115752551,122.9078443877551,104.70015545280613,66.20168596491796,71.08358427999097,75.40108948321932
420,c08exd.jpg,224,224,1.0,17234433,135.7783801020408,112.71261160714286,94.98862005739795,67.6658216273813,58.54471398122801,57.65533043312451
421,9hndb3.jpg,224,224,1.0,17847718,140.52947624362244,119.36254384566327,95.81026785714286,63.62614337634319,61.96906887108691,55.53355957112768
422,8tx09j.jpg,224,224,1.0,18619331,144.92723612882654,125.5594706632653,100.59371014030613,80.74223023625815,78.19285070706172,79.72338394925492
423,bzm7cx.jpg,224,224,1.0,8688172,65.39728156887755,58.818977200255105,48.93767936862245,47.7209053691937,38.69228924693092,30.842385006971195
424,b5c4yf.jpg,224,224,1.0,26472852,195.84751674107142,182.35616629464286,149.39620535714286,39.212489171830185,44.519298645109494,68.92713287230286
425,5vqr93.jpg,224,224,1.0,13366910,97.65493463010205,91.74559550382654,76.99994021045919,57.66803439559226,37.698606599514115,32.644793420460445
426,673i7u.jpg,224,224,1.0,30253467,210.646484375,200.20988121811226,192.09060108418367,61.13235580489641,75.26819484186605,86.62445428599598
427,b2cezt.jpg,224,224,1.0,12074525,111.91286670918367,76.16523836096938,52.56533003826531,50.984796546611086,51.27773581570104,43.956773088495105
428,d87cik.jpg,224,224,1.0,25492170,178.79348692602042,168.89235889668367,160.3692004145408,78.48897486103051,82.6587048541753,87.3855022056943
429,cgqa3j.jpg,224,224,1.0,18322810,140.98024952168367,117.3775709502551,106.81297831632654,33.60326645799367,40.667935003723315,56.92678788987407
430,cczvuv.jpg,224,224,1.0,11738798,96.24720982142857,76.16234853316327,61.542889030612244,52.59652880506902,48.248833420466475,39.991664893793576
431,cvqvl1.jpg,224,224,1.0,20146917,160.44182477678572,132.04165338010205,109.04149394132654,51.675124023187124,65.7607550154346,80.48967959061441
432,bzumao.jpg,224,224,1.0,19235006,137.91290656887756,128.17849170918367,117.25932716836735,58.94313865566708,61.18718298281935,61.338890886076776
433,b7zmx7.jpg,224,224,1.0,15385235,121.61296237244898,106.63709741709184,78.37531887755102,79.26905689538663,65.49351090178403,50.49272567291708
434,95mpv8.jpg,224,224,1.0,20007442,148.87719228316325,126.67635921556122,123.19170519770408,52.644342931512654,54.49877080776398,54.78330547336329
435,9cfqpp.jpg,224,224,1.0,13250383,118.25456393494898,81.96578045280613,63.85776068239796,47.71317578146815,41.35463216115674,34.88595207792695
436,b1ir5n.jpg,224,224,1.0,20740923,166.89913504464286,140.8043287627551,105.65995695153062,54.23097468535192,54.5306367100097,49.21203573929136
437,cl34of.jpg,224,224,1.0,20085877,156.5070950255102,132.5260084502551,111.27535076530613,42.6470018928814,61.30412995897872,72.12009698790852
438,7u3bvx.jpg,224,224,1.0,27733746,194.931640625,183.25603874362244,174.5416334502551,36.1617954885053,44.67510613556798,49.735994863108616
439,bpnz7l.jpg,224,224,1.0,20466361,164.99577487244898,133.826171875,109.06949537627551,35.416210666909144,47.138853884894445,49.08189096479134
440,c4ozfg.jpg,224,224,1.0,21285182,150.75157445790816,141.17946827168367,132.27937659438774,68.73029958574834,67.27674111410347,60.07410981993228
441,dn3a97.png,224,224,1.0,22995861,176.7373644770408,152.0671237244898,129.49950175382654,41.888191597228946,55.32113711089411,62.21546167655393
442,b651un.jpg,224,224,1.0,16208888,153.29593829719389,101.68799824617346,68.05672034438776,55.205446784497994,51.8836790080656,53.49952625871676
443,cy92je.jpg,224,224,1.0,17081326,131.3889309630102,111.31841916454081,97.72086256377551,60.93201293523742,63.35497667535991,58.52097749611136
444,cedmjg.jpg,224,224,1.0,14312890,96.18805803571429,94.64367426658163,94.4219746492347,61.77757247339698,57.346122200455824,54.001667166996306
445,cd8cna.jpg,224,224,1.0,19445423,154.2369459502551,130.4376992984694,102.8696588010204,58.06997236645539,62.83310202037371,67.31471457387043
446,c0kwu4.jpg,224,224,1.0,15765926,114.8427734375,102.3921197385204,96.97759885204081,77.27441667157228,74.86874436782,72.31482013749084
447,dpnan5.jpg,224,224,1.0,17868528,122.3812181122449,120.83416374362245,112.90164620535714,58.47798070997931,61.93562517056293,66.7096234473823
448,662u9c.jpg,224,224,1.0,22107575,169.2053770727041,149.11997767857142,122.27523118622449,47.449808292811774,55.37015359314143,71.3782561426272
449,be6vk2.jpg,224,224,1.0,19102743,135.5344387755102,126.48262117346938,118.69768415178571,64.30393660539247,62.79925024700599,64.53529725085912
450,dit8wp.jpg,224,224,1.0,20248112,156.31554926658163,135.42045998086735,111.8057637117347,66.50859279151878,71.4134329041159,71.75045122880607
451,arz2af.jpg,224,224,1.0,20602792,157.99914301658163,137.79689492984693,114.814453125,41.36303866806863,46.555579020168814,51.68504503927388
452,dhcplu.jpg,224,224,1.0,16187365,112.58549904336735,106.705078125,103.32112962372449,89.47754606705215,79.4787233255388,74.4493939907678
453,bhy2tt.jpg,224,224,1.0,17987940,129.29683514030611,121.27100605867346,107.92904974489795,69.78068077874705,69.9531814975883,67.10392752876534
454,7446jz.jpg,224,224,1.0,12410332,110.75938695790816,76.31698421556122,60.259646045918366,79.11444410622943,74.17235396852962,64.45385212659015
455,b1rlwh.jpg,224,224,1.0,23182973,160.32162786989795,156.89690290178572,144.81457270408163,38.48416249709211,41.36997705545287,49.03575752725249
456,cvipql.jpg,224,224,1.0,20223524,180.65134725765307,131.21580038265307,91.18459024234694,57.986810898171086,65.26131295873466,62.3291929908563
457,byxb99.jpg,224,224,1.0,21957878,175.46655771683675,150.03473772321428,112.1158522002551,39.822674719213275,33.14842995144632,35.2331066225954
458,72j9kb.jpg,224,224,1.0,17186288,134.79538026147958,113.4815449617347,94.2431640625,59.16339073645797,60.38945684257016,62.70779680803692
459,bgtff7.jpg,224,224,1.0,12739408,114.46524234693878,81.42757493622449,58.001634247448976,54.29096385982683,53.26349197746142,45.473166484170555
460,d27gxz.jpg,224,224,1.0,19612533,157.66561702806123,127.36304209183673,105.84612165178571,53.61081285219882,61.51110345878715,64.97379753360094
461,cj9f7a.jpg,224,224,1.0,24574965,192.0496053890306,167.44692681760205,130.27875876913265,67.24371217750583,68.2126128525996,82.30371720314653
462,ar93gq.jpg,224,224,1.0,21390678,162.24240672831633,142.64660395408163,121.4239277742347,71.43132313435221,65.97534603701686,58.8058983613493
463,8yybw0.jpg,224,224,1.0,14457556,121.16836734693878,91.89949378188776,75.06901705994898,64.15953260472197,61.43238090138726,59.163098984482986
464,av8tsl.jpg,224,224,1.0,18116489,146.1529615752551,121.88044084821429,93.02545041454081,50.269036045375294,45.2424418308985,43.453803397766656
465,cynrbz.jpg,224,224,1.0,20239842,181.52146444515307,124.59695870535714,97.25852997448979,37.00418688465443,53.49050478243175,56.081415517065
466,bfe7jc.jpg,224,224,1.0,16491705,114.23272082270408,110.93080357142857,103.51363201530613,44.213169520350625,48.337661209361464,51.56188594943999
467,df1g1g.png,224,224,1.0,14393014,108.84610172193878,94.41348453443878,83.59097975127551,53.23158680234913,43.961942998075685,37.53622311883142
468,8atus7.jpg,224,224,1.0,10601465,99.63797433035714,61.4797512755102,50.167849170918366,42.73182170060176,49.20150662217792,56.79760172462018
469,b25hpn.jpg,224,224,1.0,18477604,135.21950733418367,124.2825852997449,108.75372688137755,61.91905518219121,59.48118998770296,58.95866382002416
470,7xi1e3.jpg,224,224,1.0,17222484,133.65234375,103.83719308035714,105.75193319515306,55.40320115255718,58.2495707848339,55.437990233866536
471,cfy8ft.jpg,224,224,1.0,4879102,32.932637117346935,30.045958227040817,34.261160714285715,60.045043531831084,53.03751538028357,58.88060171305587
472,7dth3u.jpg,224,224,1.0,24671362,178.76674107142858,172.7482461734694,140.1814811862245,49.500687260399054,54.91708438763276,80.13737052798945
473,6ytty1.jpg,224,224,1.0,13870447,115.72431042729592,89.2242506377551,71.48732461734694,74.05013935352238,71.22828430874411,67.79235275372655
474,bozy2v.jpg,224,224,1.0,9316483,69.67755500637755,61.55606265943877,54.442462531887756,77.73584764429705,71.04568504389108,65.23272027403485
475,8qirw4.jpg,224,224,1.0,16798283,113.50839046556122,118.55779655612245,102.72102200255102,28.004531704536568,44.60352963954253,56.74339043289806
476,8qbegn.jpg,224,224,1.0,19533230,156.97446986607142,137.15140704719389,95.16840720663265,80.2451511633815,83.13122372462259,92.1766264945779
477,da3g44.jpg,224,224,1.0,18688348,131.09743702168367,130.97720025510205,110.38127790178571,70.91877430719396,66.37628929725707,75.38277491942831
478,c96nbi.jpg,224,224,1.0,17182283,117.70252710459184,115.89475047831633,108.84299266581633,57.62008345922831,55.898719094645756,65.5855331238402
479,bnu7l7.jpg,224,224,1.0,19028347,160.98921795280611,127.08693399234694,91.1558912627551,62.58009395500378,70.1766290389599,75.3333594591665
480,axk85z.jpg,224,224,1.0,16257584,118.79565927933673,109.35985331632654,95.85564811862245,57.85255229642371,51.98291127460135,46.82143441554836
481,8xlkf0.jpg,224,224,1.0,21862610,169.01365194515307,143.6652981505102,123.0395208864796,66.17736344164372,70.70390055769525,73.27018698721618
482,90smec.jpg,224,224,1.0,22612383,180.79743303571428,154.48397640306123,115.37992267219387,60.861603886147854,60.726863048142135,60.14600454995413
483,avj2dp.jpg,224,224,1.0,11597312,92.7784199617347,74.98688616071429,63.36734693877551,78.7215748415035,63.01586901969877,57.301017703765844
484,8kggoo.jpg,224,224,1.0,13014768,132.54745296556123,79.46578045280613,47.36910076530612,67.4099457463417,60.250828818752105,44.44273857890519
485,8yah71.jpg,224,224,1.0,18723655,128.2205038265306,136.3093710140306,108.62970344387755,74.835766497437,64.19962592526767,74.67701631682591
486,ckoiia.jpg,224,224,1.0,21582881,173.91015625,150.76183832908163,105.47152024872449,51.619314900203804,56.70824609124802,78.30202155047475
487,82f91v.jpg,224,224,1.0,22143137,174.80383051658163,152.86268335459184,113.64281728316327,35.20438912334378,38.76281210189809,44.85958032542915
488,huwwtk.jpg,224,224,1.0,17885993,126.4320990114796,119.81829958545919,110.21470424107143,62.68738533453727,63.117744714225346,64.07444170543431
489,d2om14.jpg,224,224,1.0,15805010,92.3061224489796,123.7386399872449,98.94666772959184,35.71235094066892,51.973288394796924,35.856208880736894
490,bv7nhw.jpg,224,224,1.0,17312328,123.27812101403062,114.60475127551021,107.14917490433673,46.799480795063566,47.183510573371095,49.213508674974015
491,9gsugx.jpg,224,224,1.0,15464374,132.73202327806123,103.87543845663265,71.59514508928571,79.66800141410813,70.2105311476794,65.49133827748727
492,drm4mx.png,224,224,1.0,23258813,159.60050621811226,152.14670360331633,151.79737324617346,99.45480037276404,104.40678583076236,103.80422564191086
493,5p6950.jpg,224,224,1.0,27588518,198.21143574617346,188.2896803252551,163.3338249362245,45.510098685823046,47.67466637642893,53.00858877336376
494,c2hk6j.jpg,224,224,1.0,11744140,103.63550302933673,77.55887276785714,52.864536830357146,51.37299877452361,59.8732781179897,70.42031618402453
495,awk6fv.jpg,224,224,1.0,13912955,107.2586894132653,97.31234056122449,72.71203364158163,63.579080443913206,63.027956479372314,50.98564969762992
496,9bwl2l.jpg,224,224,1.0,23080912,176.15310108418367,153.0281608737245,130.81778140943877,39.1234575083154,47.631235532866306,60.411732527428896
497,7k345g.jpg,224,224,1.0,19467458,164.51516661352042,127.31513073979592,96.15316087372449,46.971826114653695,55.483856119365825,52.03233263235324
498,9jvyx4.jpg,224,224,1.0,17529829,131.6395886479592,117.08109454719387,100.6461256377551,73.92969427431751,74.29689522257276,75.9005797812986
499,d1kpxg.jpg,224,224,1.0,15170719,136.0928730867347,102.29424426020408,63.96299027423469,70.83686407802534,61.2170227267471,54.60886333789584
